{
    "vit_base_patch16_224.augreg_in21k_ft_in1k": 54.0,
    "resnet18.a3_in1k": 48.0,
    "resnet152.a3_in1k": 49.0,
    "resnet101.a3_in1k": 50.0,
    "resnet50.a3_in1k": 46.0,
    "resnet34.a3_in1k": 48.0,
    "vit_tiny_patch16_224.augreg_in21k_ft_in1k": 47.0,
    "vit_small_patch16_224.augreg_in1k": 62.0,
    "vit_small_patch16_224.augreg_in21k_ft_in1k": 57.99999999999999,
    "vit_large_patch16_224.augreg_in21k_ft_in1k": 56.00000000000001,
    "beit_base_patch16_224.in22k_ft_in22k_in1k": 56.00000000000001,
    "beitv2_base_patch16_224.in1k_ft_in1k": 54.0,
    "beitv2_base_patch16_224.in1k_ft_in22k_in1k": 57.99999999999999,
    "beit_base_patch16_384.in22k_ft_in22k_in1k": 56.99999999999999,
    "beit_large_patch16_224.in22k_ft_in22k_in1k": 60.0,
    "beit_large_patch16_384.in22k_ft_in22k_in1k": 56.99999999999999,
    "beit_large_patch16_512.in22k_ft_in22k_in1k": 57.99999999999999,
    "beitv2_large_patch16_224.in1k_ft_in1k": 56.00000000000001,
    "beitv2_large_patch16_224.in1k_ft_in22k_in1k": 55.00000000000001,
    "caformer_m36.sail_in1k": 52.0,
    "caformer_m36.sail_in22k_ft_in1k": 51.0,
    "caformer_s18.sail_in1k": 55.00000000000001,
    "caformer_s18.sail_in22k_ft_in1k": 48.0,
    "caformer_s36.sail_in1k": 52.0,
    "caformer_s36.sail_in22k_ft_in1k": 56.99999999999999,
    "cait_s24_224.fb_dist_in1k": 53.0,
    "cait_xxs24_224.fb_dist_in1k": 48.0,
    "cait_xxs36_224.fb_dist_in1k": 50.0,
    "coat_lite_medium.in1k": 56.00000000000001,
    "coat_lite_mini.in1k": 50.0,
    "coat_lite_small.in1k": 48.0,
    "coat_lite_tiny.in1k": 51.0,
    "coat_mini.in1k": 56.00000000000001,
    "coat_small.in1k": 45.0,
    "coat_tiny.in1k": 63.0,
    "coatnet_0_rw_224.sw_in1k": 48.0,
    "coatnet_1_rw_224.sw_in1k": 60.0,
    "coatnet_bn_0_rw_224.sw_in1k": 60.0,
    "coatnet_nano_rw_224.sw_in1k": 54.0,
    "coatnet_rmlp_1_rw_224.sw_in1k": 50.0,
    "coatnet_rmlp_1_rw2_224.sw_in12k_ft_in1k": 59.0,
    "coatnet_rmlp_2_rw_224.sw_in1k": 52.0,
    "coatnet_rmlp_nano_rw_224.sw_in1k": 52.0,
    "convit_base.fb_in1k": 55.00000000000001,
    "convit_small.fb_in1k": 61.0,
    "convit_tiny.fb_in1k": 55.00000000000001,
    "convmixer_1024_20_ks9_p14.in1k": 57.99999999999999,
    "convmixer_1536_20.in1k": 47.0,
    "convmixer_768_32.in1k": 48.0,
    "davit_base.msft_in1k": 49.0,
    "davit_small.msft_in1k": 53.0,
    "davit_tiny.msft_in1k": 54.0,
    "deit_base_distilled_patch16_224.fb_in1k": 49.0,
    "deit_base_patch16_224.fb_in1k": 52.0,
    "deit_small_distilled_patch16_224.fb_in1k": 51.0,
    "deit_small_patch16_224.fb_in1k": 50.0,
    "deit_tiny_distilled_patch16_224.fb_in1k": 56.00000000000001,
    "deit_tiny_patch16_224.fb_in1k": 49.0,
    "deit3_base_patch16_224.fb_in1k": 53.0,
    "deit3_base_patch16_224.fb_in22k_ft_in1k": 61.0,
    "deit3_medium_patch16_224.fb_in1k": 53.0,
    "deit3_medium_patch16_224.fb_in22k_ft_in1k": 57.99999999999999,
    "deit3_small_patch16_224.fb_in1k": 56.00000000000001,
    "deit3_small_patch16_224.fb_in22k_ft_in1k": 52.0,
    "densenet121.tv_in1k": 53.0,
    "densenet161.tv_in1k": 51.0,
    "densenet169.tv_in1k": 50.0,
    "densenet201.tv_in1k": 52.0,
    "dla102.in1k": 44.0,
    "dla169.in1k": 49.0,
    "dla34.in1k": 38.0,
    "dla46_c.in1k": 53.0,
    "dla60.in1k": 49.0,
    "dpn107.mx_in1k": 55.00000000000001,
    "dpn131.mx_in1k": 54.0,
    "dpn68.mx_in1k": 56.99999999999999,
    "dpn68b.mx_in1k": 61.0,
    "dpn92.mx_in1k": 57.99999999999999,
    "dpn98.mx_in1k": 51.0,
    "efficientformer_l1.snap_dist_in1k": 48.0,
    "efficientformer_l3.snap_dist_in1k": 53.0,
    "efficientformer_l7.snap_dist_in1k": 48.0,
    "efficientformerv2_l.snap_dist_in1k": 50.0,
    "efficientformerv2_s0.snap_dist_in1k": 48.0,
    "efficientformerv2_s1.snap_dist_in1k": 43.0,
    "efficientformerv2_s2.snap_dist_in1k": 48.0,
    "efficientnet_b0.ra_in1k": 59.0,
    "efficientnet_es_pruned.in1k": 51.0,
    "efficientnet_es.ra_in1k": 57.99999999999999,
    "efficientnet_lite0.ra_in1k": 51.0,
    "focalnet_base_srf.ms_in1k": 52.0,
    "focalnet_small_srf.ms_in1k": 51.0,
    "focalnet_tiny_srf.ms_in1k": 53.0,
    "focalnet_base_lrf.ms_in1k": 49.0,
    "focalnet_small_lrf.ms_in1k": 48.0,
    "focalnet_tiny_lrf.ms_in1k": 57.99999999999999,
    "hrnet_w18_small_v2.ms_in1k": 56.99999999999999,
    "hrnet_w18_small.ms_in1k": 43.0,
    "hrnet_w18.ms_in1k": 47.0,
    "hrnet_w30.ms_in1k": 53.0,
    "hrnet_w32.ms_in1k": 56.00000000000001,
    "hrnet_w40.ms_in1k": 56.99999999999999,
    "hrnet_w44.ms_in1k": 50.0,
    "hrnet_w48.ms_in1k": 52.0,
    "lcnet_050.ra2_in1k": 56.00000000000001,
    "lcnet_075.ra2_in1k": 52.0,
    "lcnet_100.ra2_in1k": 50.0,
    "levit_128.fb_dist_in1k": 56.99999999999999,
    "levit_128s.fb_dist_in1k": 48.0,
    "levit_192.fb_dist_in1k": 54.0,
    "levit_256.fb_dist_in1k": 52.0,
    "levit_384.fb_dist_in1k": 62.0,
    "maxvit_rmlp_base_rw_224.sw_in12k_ft_in1k": 54.0,
    "maxxvitv2_rmlp_base_rw_384.sw_in12k_ft_in1k": 51.0,
    "maxvit_rmlp_small_rw_224.sw_in1k": 47.0,
    "maxvit_small_tf_224.in1k": 56.00000000000001,
    "maxvit_tiny_rw_224.sw_in1k": 49.0,
    "maxvit_tiny_tf_224.in1k": 52.0,
    "mixnet_l.ft_in1k": 46.0,
    "mixnet_m.ft_in1k": 54.0,
    "mixnet_s.ft_in1k": 52.0,
    "mixnet_xl.ra_in1k": 52.0,
    "mobilenetv2_050.lamb_in1k": 49.0,
    "mobilenetv2_100.ra_in1k": 48.0,
    "mobilenetv2_110d.ra_in1k": 48.0,
    "mobilenetv2_120d.ra_in1k": 51.0,
    "mobilenetv2_140.ra_in1k": 51.0,
    "mobilenetv3_large_100.miil_in21k_ft_in1k": 53.0,
    "mobilenetv3_large_100.ra_in1k": 56.00000000000001,
    "mobilenetv3_rw.rmsp_in1k": 51.0,
    "mobilenetv3_small_075.lamb_in1k": 50.0,
    "mobilenetv3_small_100.lamb_in1k": 52.0,
    "mvitv2_base.fb_in1k": 56.99999999999999,
    "mvitv2_small.fb_in1k": 57.99999999999999,
    "mvitv2_tiny.fb_in1k": 55.00000000000001,
    "pit_b_224.in1k": 56.99999999999999,
    "pit_b_distilled_224.in1k": 53.0,
    "pit_s_224.in1k": 48.0,
    "pit_s_distilled_224.in1k": 56.99999999999999,
    "pit_ti_224.in1k": 61.0,
    "pit_ti_distilled_224.in1k": 49.0,
    "pit_xs_224.in1k": 56.99999999999999,
    "pit_xs_distilled_224.in1k": 49.0,
    "poolformer_m36.sail_in1k": 50.0,
    "poolformer_s12.sail_in1k": 52.0,
    "poolformer_s24.sail_in1k": 50.0,
    "poolformer_s36.sail_in1k": 57.99999999999999,
    "poolformerv2_m36.sail_in1k": 45.0,
    "poolformerv2_s12.sail_in1k": 49.0,
    "poolformerv2_s24.sail_in1k": 56.00000000000001,
    "poolformerv2_s36.sail_in1k": 54.0,
    "pvt_v2_b0.in1k": 49.0,
    "pvt_v2_b1.in1k": 59.0,
    "pvt_v2_b2_li.in1k": 56.99999999999999,
    "pvt_v2_b2.in1k": 59.0,
    "pvt_v2_b3.in1k": 53.0,
    "pvt_v2_b4.in1k": 52.0,
    "pvt_v2_b5.in1k": 53.0,
    "regnetx_004_tv.tv2_in1k": 56.00000000000001,
    "regnetx_008.tv2_in1k": 48.0,
    "regnetx_016.tv2_in1k": 51.0,
    "regnety_004.tv2_in1k": 56.99999999999999,
    "regnety_008_tv.tv2_in1k": 54.0,
    "regnety_016.tv2_in1k": 51.0,
    "repvgg_b0.rvgg_in1k": 54.0,
    "repvgg_b1.rvgg_in1k": 46.0,
    "repvgg_b1g4.rvgg_in1k": 57.99999999999999,
    "repvgg_b2.rvgg_in1k": 52.0,
    "repvgg_b2g4.rvgg_in1k": 55.00000000000001,
    "repvgg_b3g4.rvgg_in1k": 56.00000000000001,
    "res2net50_14w_8s.in1k": 52.0,
    "res2net50_26w_4s.in1k": 51.0,
    "res2net50_26w_6s.in1k": 48.0,
    "res2net50_26w_8s.in1k": 52.0,
    "res2net50_48w_2s.in1k": 56.00000000000001,
    "resnest50d_1s4x24d.in1k": 55.00000000000001,
    "resnest50d_4s2x40d.in1k": 50.0,
    "resnest50d.in1k": 56.00000000000001,
    "resnet10t.c3_in1k": 45.0,
    "resnet14t.c3_in1k": 41.0,
    "resnet18.fb_ssl_yfcc100m_ft_in1k": 42.0,
    "resnet18.fb_swsl_ig1b_ft_in1k": 46.0,
    "resnet18.tv_in1k": 55.00000000000001,
    "resnet50.a1h_in1k": 50.0,
    "resnet50.am_in1k": 50.0,
    "resnet50.tv_in1k": 52.0,
    "resnet50d.a3_in1k": 42.0,
    "resnetrs50.tf_in1k": 48.0,
    "resnet18.gluon_in1k": 54.0,
    "resnet34.gluon_in1k": 49.0,
    "rexnet_100.nav_in1k": 51.0,
    "rexnet_130.nav_in1k": 59.0,
    "rexnet_150.nav_in1k": 55.00000000000001,