{
    "midas": [
        57.70498853211009,
        51.42931392931393,
        55.625,
        57.446808510638306
    ],
    "sam": [
        53.86324541284404,
        52.02702702702703,
        53.125,
        52.12765957446809
    ],
    "dinov2": [
        57.16026376146789,
        52.390852390852395,
        61.25000000000001,
        56.38297872340425
    ],
    "mae": [
        54.93836009174312,
        51.32536382536382,
        54.37499999999999,
        50.0
    ]
}